<MapMeta Background="-1" attachmentsVisible="true" collapseIconsVisible="true" commentsVisible="true" iconsVisible="true" linksVisible="true" notesVisible="true" tasksVisible="false" tasksTimelineVisible="false" orderingVisible="false" pinnedVisible="true" snapToGridEnabled="false" gridVisible="false" controlPointsVisible="false" MindMapModelVersion="10.0.0"><InitialAuthor value="stefanfedor" /><Title value="Simon Sinek  Leader eat last" /><ApplicationVersion value="10.0.0" /><Keywords value="" /><CreationTime value="2017/08/23 17:29:39" /><LastModificationTime value="2018/03/12 21:00:18" /><ThemeUUId value="d1b7da25-92c3-4a2d-a043-8a7693c12db7" /><LayoutState value="false" /><LayoutCenterState value="true" /><LayoutCondenseState value="false" /><LayoutCondenseAllState value="true" /><Background value="-1" /><MindMapModelVersion value="10.0.0" /><TdEnvironmentId value="35bf35eb-f006-4f3f-80c9-45898f4004fb" /><ColorOption id="1" uuid="f9e2729e-c8c2-43ae-9e50-c6682f5a04d7" userDefined="false" name="com.thinkbuzan.i18n.thememanager.options.color.set1"><Color id="1" code="-16742194" /><Color id="2" code="-7154688" /><Color id="3" code="-37376" /><Color id="4" code="-3866492" /><Color id="5" code="-14342487" /><Color id="6" code="-16732353" /><Color id="7" code="-3141574" /><Color id="8" code="-9558651" /><Color id="9" code="-14540254" /><Color id="10" code="-393473" /><ExtraColor id="11" code="-11033370" /></ColorOption><GraphicsOption id="1" uuid="9208ba58-58cd-47e2-9ce1-4adf068728e0" userDefined="false" name="com.thinkbuzan.i18n.thememanager.themes.simple" branch_icon="true" branch_order="true" branch_thickness="8,3,1" shadows="false" arrow_line_style="dashed" boundary_style="cloud" boundary_padding="2" boundary_frequency="22" boundary_amplitude="22" text_colour_same_as_branch="true" /><LayoutOption id="1" uuid="f8ebeb5b-9993-4f83-808b-7903db02b4c0" userDefined="false" name="com.thinkbuzan.i18n.thememanager.themes.deepBlue" padding="1" organicness="4" /><FontOption id="7" uuid="1988429b-b6ce-4514-a427-e2e98f184bab" userDefined="false" name="com.thinkbuzan.i18n.thememanager.options.font.opt7"><Font id="1" code="Verdana" style="normal" size="26" variant="default_case" /><Font id="2" code="Verdana" style="normal" size="22" variant="default_case" /><Font id="3" code="Verdana" style="normal" size="18" variant="default_case" /><Font id="4" code="Verdana" style="normal" size="16" variant="default_case" /><Font id="5" code="Verdana" style="normal" size="15" variant="default_case" /><Font id="6" code="Verdana" style="normal" size="14" variant="default_case" /><Font id="7" code="Verdana" style="normal" size="13" variant="default_case" /><Font id="8" code="Verdana" style="normal" size="12" variant="default_case" /></FontOption></MapMeta>